"pID","MAAS_mean","alcohol_consumption"
"sub-MURIP012",1.62692245629495,3.5
"sub-MURIP017",-0.406926251694747,0
"sub-MURIP023",0.831068614038116,0
"sub-MURIP034",1.18478143281892,6
"sub-MURIP035",-0.318498046999538,6
"sub-MURIP041",-1.7333493221228,3
"sub-MURIP061",0.212071181171684,10
"sub-MURIP063",-0.93749547986597,5
"sub-MURIP067",1.00792502342852,10
"sub-MURIP071",1.18478143281892,18
"sub-MURIP078",0.0352147717812815,9
"sub-MURIP086",-0.672210865780358,2
"sub-MURIP088",0.123642976476476,1
"sub-MURIP091",-0.93749547986597,0
"sub-MURIP092",-1.55649291273239,36
"sub-MURIP093",-0.495354456389941,12
"sub-MURIP094",-1.46806470803719,24
"sub-MURIP095",-0.23006984230433,10.5
"sub-MURIP096",-1.11435188925637,2
"sub-MURIP098",1.27320963751413,16
"sub-MURIP100",0.477355795257296,1
"sub-MURIP101",0.388927590562088,6
"sub-MURIP112",0.123642976476476,2
"sub-MURIP113",-0.0532134329139267,1
"sub-MURIP115",0.388927590562088,0
"sub-MURIP117",0.212071181171684,2
"sub-MURIP155",0.831068614038116,21
"sub-MURIP162",1.09635322812373,2
"sub-MURIP163",-0.0532134329139267,9
"sub-MURIP173",0.0352147717812815,0
"sub-MURIP181",0.123642976476476,2
"sub-MURIP186",1.71535066099015,2
"sub-MURIP189",0.565783999952505,12
"sub-MURIP196",NA,50
"sub-MURIP201",-1.37963650334198,4
"sub-MURIP369",-0.58378266108515,3
"sub-MURIP372",0.919496818733311,16
"sub-MURIP373",0.388927590562088,15
"sub-MURIP376",2.33434809385658,15
"sub-MURIP389",-2.79448777846525,0
"sub-MURIP392",-0.0532134329139267,0
"sub-MURIP393",-0.23006984230433,3
"sub-MURIP396",-0.93749547986597,2
"sub-MURIP397",0.919496818733311,0
"sub-MURIP400",0.212071181171684,10
"sub-MURIP404",0.212071181171684,0
"sub-MURIP405",0.0352147717812815,9
"sub-MURIP408",1.09635322812373,0
"sub-MURIP531",0.300499385866893,1
"sub-MURIP542",-1.91020573151321,1
"sub-MURIP543",2.15749168446617,1
"sub-MURIP549",0.919496818733311,4
"sub-MURIC201",-1.29120829864678,0
"sub-MURIC202",-0.0532134329139267,8
"sub-MURIC203",1.18478143281892,3
"sub-MURIC205",-0.495354456389941,24
"sub-MURIC208",0.919496818733311,1
"sub-MURIC209",1.09635322812373,8
"sub-MURIC210",-0.672210865780358,15
"sub-MURIC212",1.18478143281892,1
"sub-MURIC213",-1.37963650334198,2
"sub-MURIC219",1.09635322812373,2
"sub-MURIC224",0.6542122046477,6
"sub-MURIC228",-0.23006984230433,12
"sub-MURIC230",0.742640409342908,3
"sub-MURIC231",-1.02592368456117,2
"sub-MURIC232",0.123642976476476,18
"sub-MURIC233",-1.20278009395158,8
"sub-MURIC234",-0.93749547986597,28
"sub-MURIC235",-0.318498046999538,20
"sub-MURIC238",1.53849425159974,0
"sub-MURIC239",-0.93749547986597,12
"sub-MURIC241",0.831068614038116,3
"sub-MURIC242",-0.93749547986597,4
"sub-MURIC243",0.388927590562088,4
"sub-MURIC244",0.123642976476476,3
"sub-MURIC245",-0.318498046999538,0
"sub-MURIC246",0.123642976476476,2
"sub-MURIC247",-1.37963650334198,4
"sub-MURIC248",-0.58378266108515,18
"sub-MURIC249",-0.672210865780358,9
"sub-MURIC250",-0.0532134329139267,10
"sub-MURIC251",-0.495354456389941,2
"sub-MURIC252",0.831068614038116,18
"sub-MURIC253",0.388927590562088,0
"sub-MURIC254",-0.318498046999538,9
"sub-MURIC301",-0.0532134329139267,0
"sub-MURIC303",0.0352147717812815,0
"sub-MURIC310",-0.406926251694747,1
"sub-MURIC312",-2.44077495968443,0
"sub-MURIC315",0.123642976476476,4
"sub-MURIC321",-1.37963650334198,4
"sub-MURIC325",-0.141641637609135,8
"sub-MURIC328",-0.141641637609135,0
"sub-MURIC333",-0.318498046999538,3
"sub-MURIC338",0.831068614038116,9
"sub-MURIC347",-1.55649291273239,0
"sub-MURIC351",-0.760639070475553,9
"sub-MURIC354",-0.406926251694747,2
"sub-MURIC358",-2.26391855029403,2
"sub-MURIC362",0.123642976476476,6
"sub-MURIC375",0.477355795257296,2
"sub-MURIC414",0.6542122046477,8
"sub-MURIC419",0.565783999952505,6
"sub-MURIC420",-0.141641637609135,2
"sub-MURIC424",0.300499385866893,4
"sub-MURIC426",1.18478143281892,0
"sub-MURIC429",1.45006604690453,3
"sub-MURIC430",1.18478143281892,0
"sub-MURIC431",-2.26391855029403,2
"sub-MURIC432",-0.849067275170761,0
"sub-MURIC434",1.45006604690453,0.5
"sub-MURIC435",0.388927590562088,21
"sub-MURIC438",1.36163784220934,2
